{"final_train_loss":-4.2107350730896,"training_plot":{"format":"png","width":1000,"height":600,"_type":"image-file","sha256":"e29c2d2111793a3a05020839b888f232cfaa483150a148b2862f4cc7bb4d5bd8","size":35561,"path":"media/images/training_plot_32_e29c2d2111793a3a0502.png"},"best_val_loss":-3.323083128247942,"learning_rate":8.712338044930917e-05,"_timestamp":1.7379296855933619e+09,"_runtime":151.157914,"train_loss":-4.2107350730896,"val_loss":-3.321568284715925,"_step":32,"_wandb":{"runtime":151},"epoch":30,"total_epochs":31}